problem_id,nav_title,nav_problem_type,ftext_section,ftext_problem_number,ftext_problem_title,match_level,base_url,target_method,direct_url,browser_verified,notes
M1-QF-001,関数への文字式の代入,関数記法f(x)へのブロック代入,,,,NONE,,none,,n/a,f(a+1)のような代入記法の練習に特化した独立問題がFTEXT内に見当たらない
M1-QF-002,二次関数の基本グラフ,y=ax^2の基本グラフの概形,数学I/関数と方程式・不等式/2次関数とそのグラフ,,,NONE,,none,,n/a,y=ax^2の性質は理論説明のみで独立した練習問題として存在しない
M1-QF-003,定義域・値域,1次関数の定義域付き値域と最大最小,数学I/関数と方程式・不等式/1次関数とそのグラフ,,,NONE,,none,,n/a,FTEXTの1次関数章に定義域制限からの値域・最大最小を問う問題が見当たらない
M1-QF-004,2点から1次関数を決定,2点の座標から1次関数の式を決定,数学I/関数と方程式・不等式/1次関数とそのグラフ,prob-s60-4,直線の通る2点が与えられた場合,EXACT,https://ftext.org/mathI/02-%E9%96%A2%E6%95%B0%E3%81%A8%E6%96%B9%E7%A8%8B%E5%BC%8F%E3%83%BB%E4%B8%8D%E7%AD%89%E5%BC%8F/02-1%E6%AC%A1%E9%96%A2%E6%95%B0%E3%81%A8%E3%81%9D%E3%81%AE%E3%82%B0%E3%83%A9%E3%83%95,native_anchor,https://ftext.org/mathI/02-%E9%96%A2%E6%95%B0%E3%81%A8%E6%96%B9%E7%A8%8B%E5%BC%8F%E3%83%BB%E4%B8%8D%E7%AD%89%E5%BC%8F/02-1%E6%AC%A1%E9%96%A2%E6%95%B0%E3%81%A8%E3%81%9D%E3%81%AE%E3%82%B0%E3%83%A9%E3%83%95#prob-s60-4,not_individually_verified(mechanism confirmed via 11-case sample),2点から1次関数を決定する手順が同一。数値のみ相違
M1-QF-005,定義域・値域から1次関数を決定,値域条件から1次関数の係数a・bを逆算,数学I/関数と方程式・不等式/1次関数とそのグラフ,,,NONE,,none,,n/a,値域条件からの逆算という構成のFTEXT問題が見当たらない
M1-QF-006,頂点形式からグラフ・軸・頂点,既に頂点形式の2次関数からグラフ・軸・頂点を読む,数学I/関数と方程式・不等式/2次関数とそのグラフ,prob-s63-1,放物線を描く～その1～,EXACT,https://ftext.org/mathI/02-%E9%96%A2%E6%95%B0%E3%81%A8%E6%96%B9%E7%A8%8B%E5%BC%8F%E3%83%BB%E4%B8%8D%E7%AD%89%E5%BC%8F/05-2%E6%AC%A1%E9%96%A2%E6%95%B0%E3%81%A8%E3%81%9D%E3%81%AE%E3%82%B0%E3%83%A9%E3%83%95,native_anchor,https://ftext.org/mathI/02-%E9%96%A2%E6%95%B0%E3%81%A8%E6%96%B9%E7%A8%8B%E5%BC%8F%E3%83%BB%E4%B8%8D%E7%AD%89%E5%BC%8F/05-2%E6%AC%A1%E9%96%A2%E6%95%B0%E3%81%A8%E3%81%9D%E3%81%AE%E3%82%B0%E3%83%A9%E3%83%95#prob-s63-1,verified_pc_2026-09-13,頂点形式y=a(x-p)^2+qから軸・頂点を読む練習として構造が同一
M1-QF-007,基本的な平方完成からグラフ・軸・頂点,x^2の係数1の平方完成から軸・頂点,数学I/関数と方程式・不等式/2次関数とそのグラフ,prob-s63-2,放物線を描く～その２～,EXACT,https://ftext.org/mathI/02-%E9%96%A2%E6%95%B0%E3%81%A8%E6%96%B9%E7%A8%8B%E5%BC%8F%E3%83%BB%E4%B8%8D%E7%AD%89%E5%BC%8F/05-2%E6%AC%A1%E9%96%A2%E6%95%B0%E3%81%A8%E3%81%9D%E3%81%AE%E3%82%B0%E3%83%A9%E3%83%95,native_anchor,https://ftext.org/mathI/02-%E9%96%A2%E6%95%B0%E3%81%A8%E6%96%B9%E7%A8%8B%E5%BC%8F%E3%83%BB%E4%B8%8D%E7%AD%89%E5%BC%8F/05-2%E6%AC%A1%E9%96%A2%E6%95%B0%E3%81%A8%E3%81%9D%E3%81%AE%E3%82%B0%E3%83%A9%E3%83%95#prob-s63-2,not_individually_verified(mechanism confirmed via 11-case sample),同問題の(1)がx^2係数1の平方完成、解法骨格が完全一致
M1-QF-008,係数を処理して平方完成し、グラフ・軸・頂点,x^2の係数が1でない場合の平方完成から軸・頂点,数学I/関数と方程式・不等式/2次関数とそのグラフ,prob-s63-2,放物線を描く～その２～,EXACT,https://ftext.org/mathI/02-%E9%96%A2%E6%95%B0%E3%81%A8%E6%96%B9%E7%A8%8B%E5%BC%8F%E3%83%BB%E4%B8%8D%E7%AD%89%E5%BC%8F/05-2%E6%AC%A1%E9%96%A2%E6%95%B0%E3%81%A8%E3%81%9D%E3%81%AE%E3%82%B0%E3%83%A9%E3%83%95,native_anchor,https://ftext.org/mathI/02-%E9%96%A2%E6%95%B0%E3%81%A8%E6%96%B9%E7%A8%8B%E5%BC%8F%E3%83%BB%E4%B8%8D%E7%AD%89%E5%BC%8F/05-2%E6%AC%A1%E9%96%A2%E6%95%B0%E3%81%A8%E3%81%9D%E3%81%AE%E3%82%B0%E3%83%A9%E3%83%95#prob-s63-2,not_individually_verified(mechanism confirmed via 11-case sample),同問題の(3)(4)が係数を処理する平方完成で、解法骨格が一致
M1-QF-009,2つの放物線の平行移動関係,2つの具体的放物線から平行移動量を逆算,数学I/関数と方程式・不等式/2次関数とそのグラフ,prob-s63-1,放物線を描く～その1～,CLOSE,https://ftext.org/mathI/02-%E9%96%A2%E6%95%B0%E3%81%A8%E6%96%B9%E7%A8%8B%E5%BC%8F%E3%83%BB%E4%B8%8D%E7%AD%89%E5%BC%8F/05-2%E6%AC%A1%E9%96%A2%E6%95%B0%E3%81%A8%E3%81%9D%E3%81%AE%E3%82%B0%E3%83%A9%E3%83%95,native_anchor,https://ftext.org/mathI/02-%E9%96%A2%E6%95%B0%E3%81%A8%E6%96%B9%E7%A8%8B%E5%BC%8F%E3%83%BB%E4%B8%8D%E7%AD%89%E5%BC%8F/05-2%E6%AC%A1%E9%96%A2%E6%95%B0%E3%81%A8%E3%81%9D%E3%81%AE%E3%82%B0%E3%83%A9%E3%83%95#prob-s63-1,not_individually_verified(mechanism confirmed via 11-case sample),与えられた式から平行移動量を読み取る向きは同じだが、ナビ側は両辺とも平方完成が必要でやや高度
M1-QF-010,指定された平行移動後の方程式,平行移動量が指定された放物線の新しい方程式,数学I/関数と方程式・不等式/2次関数とそのグラフ,prob-s63-4,2次関数グラフの平行移動～その2～,EXACT,https://ftext.org/mathI/02-%E9%96%A2%E6%95%B0%E3%81%A8%E6%96%B9%E7%A8%8B%E5%BC%8F%E3%83%BB%E4%B8%8D%E7%AD%89%E5%BC%8F/05-2%E6%AC%A1%E9%96%A2%E6%95%B0%E3%81%A8%E3%81%9D%E3%81%AE%E3%82%B0%E3%83%A9%E3%83%95,native_anchor,https://ftext.org/mathI/02-%E9%96%A2%E6%95%B0%E3%81%A8%E6%96%B9%E7%A8%8B%E5%BC%8F%E3%83%BB%E4%B8%8D%E7%AD%89%E5%BC%8F/05-2%E6%AC%A1%E9%96%A2%E6%95%B0%E3%81%A8%E3%81%9D%E3%81%AE%E3%82%B0%E3%83%A9%E3%83%95#prob-s63-4,not_individually_verified(mechanism confirmed via 11-case sample),x軸方向・y軸方向の平行移動量が与えられ新方程式を求める構成が完全一致
M1-QF-011,放物線の対称移動,x軸・y軸・原点に関する対称移動後の方程式,数学I/関数と方程式・不等式/2次関数とそのグラフ,prob-s63-6,2次関数グラフの対称移動～その2～,EXACT,https://ftext.org/mathI/02-%E9%96%A2%E6%95%B0%E3%81%A8%E6%96%B9%E7%A8%8B%E5%BC%8F%E3%83%BB%E4%B8%8D%E7%AD%89%E5%BC%8F/05-2%E6%AC%A1%E9%96%A2%E6%95%B0%E3%81%A8%E3%81%9D%E3%81%AE%E3%82%B0%E3%83%A9%E3%83%95,native_anchor,https://ftext.org/mathI/02-%E9%96%A2%E6%95%B0%E3%81%A8%E6%96%B9%E7%A8%8B%E5%BC%8F%E3%83%BB%E4%B8%8D%E7%AD%89%E5%BC%8F/05-2%E6%AC%A1%E9%96%A2%E6%95%B0%E3%81%A8%E3%81%9D%E3%81%AE%E3%82%B0%E3%83%A9%E3%83%95#prob-s63-6,not_individually_verified(mechanism confirmed via 11-case sample),x軸・y軸・原点の3種の対称移動を1問で問う構成が完全一致
M1-QF-012,平行移動・対称移動から元の放物線を求める,平行移動＋対称移動の結果から元の式を逆算,数学I/関数と方程式・不等式/2次関数とそのグラフ,,,BROAD,,none,,n/a,平行移動と対称移動を個別に順方向で問う問題はあるが、両者を組み合わせて逆算させる問題はFTEXTに見当たらない
M1-QF-013,定義域なしの最大・最小,定義域制限なしの2次関数の最大値・最小値,数学I/関数と方程式・不等式/2次関数とそのグラフ,prob-s63-9,2次関数の最大・最小～その1～,CLOSE,https://ftext.org/mathI/02-%E9%96%A2%E6%95%B0%E3%81%A8%E6%96%B9%E7%A8%8B%E5%BC%8F%E3%83%BB%E4%B8%8D%E7%AD%89%E5%BC%8F/05-2%E6%AC%A1%E9%96%A2%E6%95%B0%E3%81%A8%E3%81%9D%E3%81%AE%E3%82%B0%E3%83%A9%E3%83%95,native_anchor,https://ftext.org/mathI/02-%E9%96%A2%E6%95%B0%E3%81%A8%E6%96%B9%E7%A8%8B%E5%BC%8F%E3%83%BB%E4%B8%8D%E7%AD%89%E5%BC%8F/05-2%E6%AC%A1%E9%96%A2%E6%95%B0%E3%81%A8%E3%81%9D%E3%81%AE%E3%82%B0%E3%83%A9%E3%83%95#prob-s63-9,not_individually_verified(mechanism confirmed via 11-case sample),頂点位置から最大最小を読む基礎技能は共通だが、この問題はすべて閉区間付きで定義域なしのケースは含まれない
M1-QF-014,固定された閉区間での最大・最小,軸を含む・含まない固定閉区間での最大最小,数学I/関数と方程式・不等式/2次関数とそのグラフ,prob-s63-9,2次関数の最大・最小～その1～,EXACT,https://ftext.org/mathI/02-%E9%96%A2%E6%95%B0%E3%81%A8%E6%96%B9%E7%A8%8B%E5%BC%8F%E3%83%BB%E4%B8%8D%E7%AD%89%E5%BC%8F/05-2%E6%AC%A1%E9%96%A2%E6%95%B0%E3%81%A8%E3%81%9D%E3%81%AE%E3%82%B0%E3%83%A9%E3%83%95,native_anchor,https://ftext.org/mathI/02-%E9%96%A2%E6%95%B0%E3%81%A8%E6%96%B9%E7%A8%8B%E5%BC%8F%E3%83%BB%E4%B8%8D%E7%AD%89%E5%BC%8F/05-2%E6%AC%A1%E9%96%A2%E6%95%B0%E3%81%A8%E3%81%9D%E3%81%AE%E3%82%B0%E3%83%A9%E3%83%95#prob-s63-9,not_individually_verified(mechanism confirmed via 11-case sample),同一の固定放物線に対し複数の閉区間で最大最小を求める構成が完全一致
M1-QF-015,範囲の端が含まれない最大・最小,片端を含まない半開区間での最大最小,数学I/関数と方程式・不等式/2次関数とそのグラフ,prob-s63-9,2次関数の最大・最小～その1～,CLOSE,https://ftext.org/mathI/02-%E9%96%A2%E6%95%B0%E3%81%A8%E6%96%B9%E7%A8%8B%E5%BC%8F%E3%83%BB%E4%B8%8D%E7%AD%89%E5%BC%8F/05-2%E6%AC%A1%E9%96%A2%E6%95%B0%E3%81%A8%E3%81%9D%E3%81%AE%E3%82%B0%E3%83%A9%E3%83%95,native_anchor,https://ftext.org/mathI/02-%E9%96%A2%E6%95%B0%E3%81%A8%E6%96%B9%E7%A8%8B%E5%BC%8F%E3%83%BB%E4%B8%8D%E7%AD%89%E5%BC%8F/05-2%E6%AC%A1%E9%96%A2%E6%95%B0%E3%81%A8%E3%81%9D%E3%81%AE%E3%82%B0%E3%83%A9%E3%83%95#prob-s63-9,not_individually_verified(mechanism confirmed via 11-case sample),基礎の閉区間パターン練習として近いが、半開区間で最大値が存在しない場合の判断はこの問題に含まれない
M1-QF-016,最大・最小の条件から定数を決定,最小値の値から定数cを逆算し最大値も求める,数学I/関数と方程式・不等式/2次関数とそのグラフ,prob-s63-9,2次関数の最大・最小～その1～,BROAD,,none,,n/a,閉区間での最大最小の基礎技能は関連するが、最小値から定数を逆算する構成のFTEXT問題は見当たらない
M1-QF-017,定義域の一端が文字で動く最大・最小,定義域0≦x≦aで文字aによる場合分け,数学I/関数と方程式・不等式/2次関数とそのグラフ,prob-s63-12,2次関数の最大・最小（文字定数を含む場合）,EXACT,https://ftext.org/mathI/02-%E9%96%A2%E6%95%B0%E3%81%A8%E6%96%B9%E7%A8%8B%E5%BC%8F%E3%83%BB%E4%B8%8D%E7%AD%89%E5%BC%8F/05-2%E6%AC%A1%E9%96%A2%E6%95%B0%E3%81%A8%E3%81%9D%E3%81%AE%E3%82%B0%E3%83%A9%E3%83%95,native_anchor,https://ftext.org/mathI/02-%E9%96%A2%E6%95%B0%E3%81%A8%E6%96%B9%E7%A8%8B%E5%BC%8F%E3%83%BB%E4%B8%8D%E7%AD%89%E5%BC%8F/05-2%E6%AC%A1%E9%96%A2%E6%95%B0%E3%81%A8%E3%81%9D%E3%81%AE%E3%82%B0%E3%83%A9%E3%83%95#prob-s63-12,verified_pc_2026-09-13,定義域0≦x≦aで文字aの範囲により最大・最小を場合分けする構成が完全一致
M1-QF-018,軸が文字で動く固定区間の最大・最小,固定区間に対し軸x=aが動く場合分け,数学I/関数と方程式・不等式/2次関数とそのグラフ,prob-s63-11,文字定数を含む2次関数の形の判別,EXACT,https://ftext.org/mathI/02-%E9%96%A2%E6%95%B0%E3%81%A8%E6%96%B9%E7%A8%8B%E5%BC%8F%E3%83%BB%E4%B8%8D%E7%AD%89%E5%BC%8F/05-2%E6%AC%A1%E9%96%A2%E6%95%B0%E3%81%A8%E3%81%9D%E3%81%AE%E3%82%B0%E3%83%A9%E3%83%95,native_anchor,https://ftext.org/mathI/02-%E9%96%A2%E6%95%B0%E3%81%A8%E6%96%B9%E7%A8%8B%E5%BC%8F%E3%83%BB%E4%B8%8D%E7%AD%89%E5%BC%8F/05-2%E6%AC%A1%E9%96%A2%E6%95%B0%E3%81%A8%E3%81%9D%E3%81%AE%E3%82%B0%E3%83%A9%E3%83%95#prob-s63-11,verified_pc_2026-09-13,固定区間に対し軸が文字定数aで動き、軸の位置で場合分けする構成が完全一致
M1-QF-019,最大・最小の値から文字を逆算,最小値の値から係数aを逆算,数学I/関数と方程式・不等式/2次関数とそのグラフ,prob-s63-12,2次関数の最大・最小（文字定数を含む場合）,BROAD,,none,,n/a,文字定数を含む最大最小の場合分け技能は関連するが、与えられた最小値から係数を逆算する構成のFTEXT問題は見当たらない
M1-QF-020,最小値を文字の関数として扱い、さらに最大化,最小値mをkの式で表しさらにmの最大値を求める2段階最適化,数学I/関数と方程式・不等式/2次関数とそのグラフ,prob-s63-12,2次関数の最大・最小（文字定数を含む場合）,CLOSE,https://ftext.org/mathI/02-%E9%96%A2%E6%95%B0%E3%81%A8%E6%96%B9%E7%A8%8B%E5%BC%8F%E3%83%BB%E4%B8%8D%E7%AD%89%E5%BC%8F/05-2%E6%AC%A1%E9%96%A2%E6%95%B0%E3%81%A8%E3%81%9D%E3%81%AE%E3%82%B0%E3%83%A9%E3%83%95,native_anchor,https://ftext.org/mathI/02-%E9%96%A2%E6%95%B0%E3%81%A8%E6%96%B9%E7%A8%8B%E5%BC%8F%E3%83%BB%E4%B8%8D%E7%AD%89%E5%BC%8F/05-2%E6%AC%A1%E9%96%A2%E6%95%B0%E3%81%A8%E3%81%9D%E3%81%AE%E3%82%B0%E3%83%A9%E3%83%95#prob-s63-12,not_individually_verified(mechanism confirmed via 11-case sample),前半の文字定数による場合分けで最小値を求める部分の技能が一致。ただしその先の2段階目（最大値のさらなる最大化）はこの問題に含まれない
M1-QF-021,定義域全体が文字によって動く最大・最小,幅一定の定義域a≦x≦a+2が文字でスライド,数学I/関数と方程式・不等式/2次関数とそのグラフ,prob-s63-11,文字定数を含む2次関数の形の判別,BROAD,,none,,n/a,文字定数による場合分け技能は関連するが、両端が同時に動く定義域のスライド型はFTEXTのこの問題（軸が動く・片端が動くパターン）とは場合分けの構造が異なる
M1-QF-022,文章・図形条件を二次関数へ帰着する最大・最小,文章題の条件から2次関数を立式し面積等を最大化,数学I/関数と方程式・不等式/2次関数とそのグラフ,prob-s63-13,2次関数の応用,CLOSE,https://ftext.org/mathI/02-%E9%96%A2%E6%95%B0%E3%81%A8%E6%96%B9%E7%A8%8B%E5%BC%8F%E3%83%BB%E4%B8%8D%E7%AD%89%E5%BC%8F/05-2%E6%AC%A1%E9%96%A2%E6%95%B0%E3%81%A8%E3%81%9D%E3%81%AE%E3%82%B0%E3%83%A9%E3%83%95,native_anchor,https://ftext.org/mathI/02-%E9%96%A2%E6%95%B0%E3%81%A8%E6%96%B9%E7%A8%8B%E5%BC%8F%E3%83%BB%E4%B8%8D%E7%AD%89%E5%BC%8F/05-2%E6%AC%A1%E9%96%A2%E6%95%B0%E3%81%A8%E3%81%9D%E3%81%AE%E3%82%B0%E3%83%A9%E3%83%95#prob-s63-13,not_individually_verified(mechanism confirmed via 11-case sample),文章題から1変数を設定し2次関数の最大最小に帰着する技能が共通。具体的題材（花壇の面積 対 針金の正方形面積・売上）は異なる
M1-QF-023,通過点の条件から未知係数を決定,1つの通過点から1つの未知係数bを決定,数学I/関数と方程式・不等式/2次関数とそのグラフ,prob-s63-7,頂点や軸に関する条件が与えられた場合,BROAD,,none,,n/a,未知係数を代入で決定する技能は関連するが、FTEXTの決定問題は頂点・軸・複数点などより複雑な条件で構成され、単一係数の代入決定に対応する単純な問題が見当たらない
M1-QF-024,頂点＋通過点から二次関数を決定,頂点の座標と通る1点から2次関数を決定,数学I/関数と方程式・不等式/2次関数とそのグラフ,prob-s63-7,頂点や軸に関する条件が与えられた場合,EXACT,https://ftext.org/mathI/02-%E9%96%A2%E6%95%B0%E3%81%A8%E6%96%B9%E7%A8%8B%E5%BC%8F%E3%83%BB%E4%B8%8D%E7%AD%89%E5%BC%8F/05-2%E6%AC%A1%E9%96%A2%E6%95%B0%E3%81%A8%E3%81%9D%E3%81%AE%E3%82%B0%E3%83%A9%E3%83%95,native_anchor,https://ftext.org/mathI/02-%E9%96%A2%E6%95%B0%E3%81%A8%E6%96%B9%E7%A8%8B%E5%BC%8F%E3%83%BB%E4%B8%8D%E7%AD%89%E5%BC%8F/05-2%E6%AC%A1%E9%96%A2%E6%95%B0%E3%81%A8%E3%81%9D%E3%81%AE%E3%82%B0%E3%83%A9%E3%83%95#prob-s63-7,not_individually_verified(mechanism confirmed via 11-case sample),同問題(1)が頂点＋通過点1点から2次関数を決定する構成で完全一致
M1-QF-025,軸＋通過点等から二次関数を決定,軸の方程式と通る2点から2次関数を決定,数学I/関数と方程式・不等式/2次関数とそのグラフ,prob-s63-7,頂点や軸に関する条件が与えられた場合,EXACT,https://ftext.org/mathI/02-%E9%96%A2%E6%95%B0%E3%81%A8%E6%96%B9%E7%A8%8B%E5%BC%8F%E3%83%BB%E4%B8%8D%E7%AD%89%E5%BC%8F/05-2%E6%AC%A1%E9%96%A2%E6%95%B0%E3%81%A8%E3%81%9D%E3%81%AE%E3%82%B0%E3%83%A9%E3%83%95,native_anchor,https://ftext.org/mathI/02-%E9%96%A2%E6%95%B0%E3%81%A8%E6%96%B9%E7%A8%8B%E5%BC%8F%E3%83%BB%E4%B8%8D%E7%AD%89%E5%BC%8F/05-2%E6%AC%A1%E9%96%A2%E6%95%B0%E3%81%A8%E3%81%9D%E3%81%AE%E3%82%B0%E3%83%A9%E3%83%95#prob-s63-7,not_individually_verified(mechanism confirmed via 11-case sample),同問題(2)が軸＋通る2点から2次関数を決定する構成で完全一致
M1-QF-026,最大・最小条件＋通過点から二次関数を決定,最小値の条件（＝頂点）と通る1点から2次関数を決定,数学I/関数と方程式・不等式/2次関数とそのグラフ,prob-s63-7,頂点や軸に関する条件が与えられた場合,CLOSE,https://ftext.org/mathI/02-%E9%96%A2%E6%95%B0%E3%81%A8%E6%96%B9%E7%A8%8B%E5%BC%8F%E3%83%BB%E4%B8%8D%E7%AD%89%E5%BC%8F/05-2%E6%AC%A1%E9%96%A2%E6%95%B0%E3%81%A8%E3%81%9D%E3%81%AE%E3%82%B0%E3%83%A9%E3%83%95,native_anchor,https://ftext.org/mathI/02-%E9%96%A2%E6%95%B0%E3%81%A8%E6%96%B9%E7%A8%8B%E5%BC%8F%E3%83%BB%E4%B8%8D%E7%AD%89%E5%BC%8F/05-2%E6%AC%A1%E9%96%A2%E6%95%B0%E3%81%A8%E3%81%9D%E3%81%AE%E3%82%B0%E3%83%A9%E3%83%95#prob-s63-7,not_individually_verified(mechanism confirmed via 11-case sample),最小値の条件は頂点の条件と同値であるため技能骨格は同問題(1)と共通だが、ナビ側は「最小値」という言い換えを一段階解釈する必要がある
M1-QF-027,3点から二次関数を決定,座標が具体的に与えられた3点から2次関数を決定,数学I/関数と方程式・不等式/2次関数とそのグラフ,prob-s63-8,グラフ上の3点が与えられた場合,EXACT,https://ftext.org/mathI/02-%E9%96%A2%E6%95%B0%E3%81%A8%E6%96%B9%E7%A8%8B%E5%BC%8F%E3%83%BB%E4%B8%8D%E7%AD%89%E5%BC%8F/05-2%E6%AC%A1%E9%96%A2%E6%95%B0%E3%81%A8%E3%81%9D%E3%81%AE%E3%82%B0%E3%83%A9%E3%83%95,native_anchor,https://ftext.org/mathI/02-%E9%96%A2%E6%95%B0%E3%81%A8%E6%96%B9%E7%A8%8B%E5%BC%8F%E3%83%BB%E4%B8%8D%E7%AD%89%E5%BC%8F/05-2%E6%AC%A1%E9%96%A2%E6%95%B0%E3%81%A8%E3%81%9D%E3%81%AE%E3%82%B0%E3%83%A9%E3%83%95#prob-s63-8,not_individually_verified(mechanism confirmed via 11-case sample),3点の座標から連立方程式を立ててa・b・cを決定する構成が完全一致
M1-QF-028,たすき掛けによる二次方程式,a≠1の2次方程式をたすき掛けで因数分解して解く,数学I 関数と方程式・不等式 2次方程式と2次関数,prob-s64-1,2次方程式を解く（因数分解の利用）,EXACT,https://ftext.org/mathI/02-%E9%96%A2%E6%95%B0%E3%81%A8%E6%96%B9%E7%A8%8B%E5%BC%8F%E3%83%BB%E4%B8%8D%E7%AD%89%E5%BC%8F/06-2%E6%AC%A1%E6%96%B9%E7%A8%8B%E5%BC%8F%E3%81%A82%E6%AC%A1%E9%96%A2%E6%95%B0,native_anchor,https://ftext.org/mathI/02-%E9%96%A2%E6%95%B0%E3%81%A8%E6%96%B9%E7%A8%8B%E5%BC%8F%E3%83%BB%E4%B8%8D%E7%AD%89%E5%BC%8F/06-2%E6%AC%A1%E6%96%B9%E7%A8%8B%E5%BC%8F%E3%81%A82%E6%AC%A1%E9%96%A2%E6%95%B0#prob-s64-1,not_individually_verified(mechanism confirmed via 11-case sample),設問3が12x^2-17x+6=0でたすき掛けの練習になっており骨格が同一
M1-QF-029,平方根を利用して解く二次方程式（±）,4x^2=25型をあえて因数分解（差の平方）で解き±を忘れない練習,数学I 関数と方程式・不等式 2次方程式と2次関数,prob-s64-1,2次方程式を解く（因数分解の利用）,BROAD,https://ftext.org/mathI/02-%E9%96%A2%E6%95%B0%E3%81%A8%E6%96%B9%E7%A8%8B%E5%BC%8F%E3%83%BB%E4%B8%8D%E7%AD%89%E5%BC%8F/06-2%E6%AC%A1%E6%96%B9%E7%A8%8B%E5%BC%8F%E3%81%A82%E6%AC%A1%E9%96%A2%E6%95%B0,native_anchor,https://ftext.org/mathI/02-%E9%96%A2%E6%95%B0%E3%81%A8%E6%96%B9%E7%A8%8B%E5%BC%8F%E3%83%BB%E4%B8%8D%E7%AD%89%E5%BC%8F/06-2%E6%AC%A1%E6%96%B9%E7%A8%8B%E5%BC%8F%E3%81%A82%E6%AC%A1%E9%96%A2%E6%95%B0#prob-s64-1,not_individually_verified(mechanism confirmed via 11-case sample),因数分解の練習という点では同じ単元だが「±を忘れない」という狙いの問題が独立しては存在せず技能がややずれる
M1-QF-030,解の公式による二次方程式,a≠1で判別式が非平方数の2次方程式を解の公式で解く,数学I 関数と方程式・不等式 2次方程式と2次関数,prob-s64-2,2次方程式を解く（解の公式の利用）,EXACT,https://ftext.org/mathI/02-%E9%96%A2%E6%95%B0%E3%81%A8%E6%96%B9%E7%A8%8B%E5%BC%8F%E3%83%BB%E4%B8%8D%E7%AD%89%E5%BC%8F/06-2%E6%AC%A1%E6%96%B9%E7%A8%8B%E5%BC%8F%E3%81%A82%E6%AC%A1%E9%96%A2%E6%95%B0,native_anchor,https://ftext.org/mathI/02-%E9%96%A2%E6%95%B0%E3%81%A8%E6%96%B9%E7%A8%8B%E5%BC%8F%E3%83%BB%E4%B8%8D%E7%AD%89%E5%BC%8F/06-2%E6%AC%A1%E6%96%B9%E7%A8%8B%E5%BC%8F%E3%81%A82%E6%AC%A1%E9%96%A2%E6%95%B0#prob-s64-2,not_individually_verified(mechanism confirmed via 11-case sample),設問5(4x^2+6x+1=0)がa≠1・√が残る解の骨格まで一致
M1-QF-031,1つの解が与えられた二次方程式,解の1つx=2を代入してmと他の解を求める,-,-,-,NONE,-,none,-,n/a,FTEXTのmathI範囲に該当する練習問題が見当たらない
M1-QF-032,判別式による実数解の個数,数値のみの2次方程式3問について判別式で実数解の個数を求める,数学I 関数と方程式・不等式 2次方程式と2次関数,prob-s64-4,2次方程式の解の個数の判別,CLOSE,https://ftext.org/mathI/02-%E9%96%A2%E6%95%B0%E3%81%A8%E6%96%B9%E7%A8%8B%E5%BC%8F%E3%83%BB%E4%B8%8D%E7%AD%89%E5%BC%8F/06-2%E6%AC%A1%E6%96%B9%E7%A8%8B%E5%BC%8F%E3%81%A82%E6%AC%A1%E9%96%A2%E6%95%B0,native_anchor,https://ftext.org/mathI/02-%E9%96%A2%E6%95%B0%E3%81%A8%E6%96%B9%E7%A8%8B%E5%BC%8F%E3%83%BB%E4%B8%8D%E7%AD%89%E5%BC%8F/06-2%E6%AC%A1%E6%96%B9%E7%A8%8B%E5%BC%8F%E3%81%A82%E6%AC%A1%E9%96%A2%E6%95%B0#prob-s64-4,not_individually_verified(mechanism confirmed via 11-case sample),判別式で解の個数を判定する技能は同一だがFTEXT側は文字定数kのケース分けで数値のみの練習より一段難しい
M1-QF-033,判別式と文字条件,x^2-4x+m=0が2実解/重解/実数解なし/実数解ありとなるmの条件を判別式で求める,数学I 関数と方程式・不等式 2次方程式と2次関数,prob-s64-4,2次方程式の解の個数の判別,EXACT,https://ftext.org/mathI/02-%E9%96%A2%E6%95%B0%E3%81%A8%E6%96%B9%E7%A8%8B%E5%BC%8F%E3%83%BB%E4%B8%8D%E7%AD%89%E5%BC%8F/06-2%E6%AC%A1%E6%96%B9%E7%A8%8B%E5%BC%8F%E3%81%A82%E6%AC%A1%E9%96%A2%E6%95%B0,native_anchor,https://ftext.org/mathI/02-%E9%96%A2%E6%95%B0%E3%81%A8%E6%96%B9%E7%A8%8B%E5%BC%8F%E3%83%BB%E4%B8%8D%E7%AD%89%E5%BC%8F/06-2%E6%AC%A1%E6%96%B9%E7%A8%8B%E5%BC%8F%E3%81%A82%E6%AC%A1%E9%96%A2%E6%95%B0#prob-s64-4,verified_pc_2026-09-13,文字定数を含む2次方程式の判別式でD>0/=0/<0を場合分けする骨格が同一
M1-QF-034,二次方程式の解とx軸との共有点,y=0とおいて共有点の座標を求める,数学I 関数と方程式・不等式 2次方程式と2次関数,prob-s64-7,放物線とx軸との共有点を調べる,EXACT,https://ftext.org/mathI/02-%E9%96%A2%E6%95%B0%E3%81%A8%E6%96%B9%E7%A8%8B%E5%BC%8F%E3%83%BB%E4%B8%8D%E7%AD%89%E5%BC%8F/06-2%E6%AC%A1%E6%96%B9%E7%A8%8B%E5%BC%8F%E3%81%A82%E6%AC%A1%E9%96%A2%E6%95%B0,native_anchor,https://ftext.org/mathI/02-%E9%96%A2%E6%95%B0%E3%81%A8%E6%96%B9%E7%A8%8B%E5%BC%8F%E3%83%BB%E4%B8%8D%E7%AD%89%E5%BC%8F/06-2%E6%AC%A1%E6%96%B9%E7%A8%8B%E5%BC%8F%E3%81%A82%E6%AC%A1%E9%96%A2%E6%95%B0#prob-s64-7,not_individually_verified(mechanism confirmed via 11-case sample),共有点の個数・座標を求める練習として骨格が一致
M1-QF-035,x軸との共有点の個数,数値のみの2次関数3問について判別式で共有点の個数を求める,数学I 関数と方程式・不等式 2次関数とそのグラフ,prob-s63-16,x軸との共有点の個数の判別,CLOSE,https://ftext.org/mathI/02-%E9%96%A2%E6%95%B0%E3%81%A8%E6%96%B9%E7%A8%8B%E5%BC%8F%E3%83%BB%E4%B8%8D%E7%AD%89%E5%BC%8F/05-2%E6%AC%A1%E9%96%A2%E6%95%B0%E3%81%A8%E3%81%9D%E3%81%AE%E3%82%B0%E3%83%A9%E3%83%95,native_anchor,https://ftext.org/mathI/02-%E9%96%A2%E6%95%B0%E3%81%A8%E6%96%B9%E7%A8%8B%E5%BC%8F%E3%83%BB%E4%B8%8D%E7%AD%89%E5%BC%8F/05-2%E6%AC%A1%E9%96%A2%E6%95%B0%E3%81%A8%E3%81%9D%E3%81%AE%E3%82%B0%E3%83%A9%E3%83%95#prob-s63-16,not_individually_verified(mechanism confirmed via 11-case sample),判別式で共有点数を判定する技能は同一だがFTEXT側は文字定数kの場合分けで一段難しい
M1-QF-036,文字条件とx軸との共有点,y=x^2-4x+mが4条件を満たすmの値・範囲を判別式で求める,数学I 関数と方程式・不等式 2次関数とそのグラフ,prob-s63-16,x軸との共有点の個数の判別,EXACT,https://ftext.org/mathI/02-%E9%96%A2%E6%95%B0%E3%81%A8%E6%96%B9%E7%A8%8B%E5%BC%8F%E3%83%BB%E4%B8%8D%E7%AD%89%E5%BC%8F/05-2%E6%AC%A1%E9%96%A2%E6%95%B0%E3%81%A8%E3%81%9D%E3%81%AE%E3%82%B0%E3%83%A9%E3%83%95,native_anchor,https://ftext.org/mathI/02-%E9%96%A2%E6%95%B0%E3%81%A8%E6%96%B9%E7%A8%8B%E5%BC%8F%E3%83%BB%E4%B8%8D%E7%AD%89%E5%BC%8F/05-2%E6%AC%A1%E9%96%A2%E6%95%B0%E3%81%A8%E3%81%9D%E3%81%AE%E3%82%B0%E3%83%A9%E3%83%95#prob-s63-16,not_individually_verified(mechanism confirmed via 11-case sample),文字定数を含む2次関数の共有点個数判定という骨格が同一
M1-QF-037,x軸から切り取る線分の長さ,2つの共有点のx座標の差を求める,-,-,-,NONE,-,none,-,n/a,FTEXTのmathI範囲に該当する練習問題が見当たらない（円の弦の長さの類題はmathIIにあるが単元が異なる）
M1-QF-038,文字によるx軸との共有点個数の分類,y=2x^2-4x+aについて自分で3パターンを立てて共有点個数をaで分類する,数学I 関数と方程式・不等式 2次関数とそのグラフ,prob-s63-16,x軸との共有点の個数の判別,EXACT,https://ftext.org/mathI/02-%E9%96%A2%E6%95%B0%E3%81%A8%E6%96%B9%E7%A8%8B%E5%BC%8F%E3%83%BB%E4%B8%8D%E7%AD%89%E5%BC%8F/05-2%E6%AC%A1%E9%96%A2%E6%95%B0%E3%81%A8%E3%81%9D%E3%81%AE%E3%82%B0%E3%83%A9%E3%83%95,native_anchor,https://ftext.org/mathI/02-%E9%96%A2%E6%95%B0%E3%81%A8%E6%96%B9%E7%A8%8B%E5%BC%8F%E3%83%BB%E4%B8%8D%E7%AD%89%E5%BC%8F/05-2%E6%AC%A1%E9%96%A2%E6%95%B0%E3%81%A8%E3%81%9D%E3%81%AE%E3%82%B0%E3%83%A9%E3%83%95#prob-s63-16,not_individually_verified(mechanism confirmed via 11-case sample),判別式で自ら3ケースに分類する骨格が同一
M1-QF-039,グラフから係数・判別式の符号を読む,"放物線の概形からa,b,c,D,f(1)の符号を読み取る",-,-,-,NONE,-,none,-,n/a,FTEXTのmathI範囲にグラフから係数の符号を読ませる独立問題が見当たらない
M1-QF-040,放物線と直線の共有点,連立方程式を立てて放物線と直線の交点座標を求める,数学I 関数と方程式・不等式 2次方程式と2次関数,prob-s64-10,放物線と直線・放物線の交点,EXACT,https://ftext.org/mathI/02-%E9%96%A2%E6%95%B0%E3%81%A8%E6%96%B9%E7%A8%8B%E5%BC%8F%E3%83%BB%E4%B8%8D%E7%AD%89%E5%BC%8F/06-2%E6%AC%A1%E6%96%B9%E7%A8%8B%E5%BC%8F%E3%81%A82%E6%AC%A1%E9%96%A2%E6%95%B0,native_anchor,https://ftext.org/mathI/02-%E9%96%A2%E6%95%B0%E3%81%A8%E6%96%B9%E7%A8%8B%E5%BC%8F%E3%83%BB%E4%B8%8D%E7%AD%89%E5%BC%8F/06-2%E6%AC%A1%E6%96%B9%E7%A8%8B%E5%BC%8F%E3%81%A82%E6%AC%A1%E9%96%A2%E6%95%B0#prob-s64-10,not_individually_verified(mechanism confirmed via 11-case sample),設問1が放物線と直線の交点を連立方程式で求める同一パターン
M1-QF-041,文字による放物線と直線の共有点個数,放物線と直線y=x+mの共有点個数をmで分類する,数学I 関数と方程式・不等式 2次方程式と2次関数,prob-s64-10,放物線と直線・放物線の交点,CLOSE,https://ftext.org/mathI/02-%E9%96%A2%E6%95%B0%E3%81%A8%E6%96%B9%E7%A8%8B%E5%BC%8F%E3%83%BB%E4%B8%8D%E7%AD%89%E5%BC%8F/06-2%E6%AC%A1%E6%96%B9%E7%A8%8B%E5%BC%8F%E3%81%A82%E6%AC%A1%E9%96%A2%E6%95%B0,native_anchor,https://ftext.org/mathI/02-%E9%96%A2%E6%95%B0%E3%81%A8%E6%96%B9%E7%A8%8B%E5%BC%8F%E3%83%BB%E4%B8%8D%E7%AD%89%E5%BC%8F/06-2%E6%AC%A1%E6%96%B9%E7%A8%8B%E5%BC%8F%E3%81%A82%E6%AC%A1%E9%96%A2%E6%95%B0#prob-s64-10,not_individually_verified(mechanism confirmed via 11-case sample),設問3・4は接する場合のkを1つ求めるのみでナビ問題の全m分類より狭い
M1-QF-042,二次不等式の基本解法,D>0の2次不等式を簡易グラフで解く（2問）,数学I 関数と方程式・不等式 2次不等式と2次関数,prob-s65-1,判別式D>0の場合の2次不等式,EXACT,https://ftext.org/mathI/02-%E9%96%A2%E6%95%B0%E3%81%A8%E6%96%B9%E7%A8%8B%E5%BC%8F%E3%83%BB%E4%B8%8D%E7%AD%89%E5%BC%8F/07-2%E6%AC%A1%E4%B8%8D%E7%AD%89%E5%BC%8F%E3%81%A82%E6%AC%A1%E9%96%A2%E6%95%B0,native_anchor,https://ftext.org/mathI/02-%E9%96%A2%E6%95%B0%E3%81%A8%E6%96%B9%E7%A8%8B%E5%BC%8F%E3%83%BB%E4%B8%8D%E7%AD%89%E5%BC%8F/07-2%E6%AC%A1%E4%B8%8D%E7%AD%89%E5%BC%8F%E3%81%A82%E6%AC%A1%E9%96%A2%E6%95%B0#prob-s65-1,verified_pc_2026-09-13,D>0の2次不等式の基本形の練習として完全一致
M1-QF-043,x軸に接する場合の二次不等式,D=0（重解）の2次不等式を簡易グラフで解く,数学I 関数と方程式・不等式 2次不等式と2次関数,prob-s65-2,判別式D=0の場合の2次不等式,EXACT,https://ftext.org/mathI/02-%E9%96%A2%E6%95%B0%E3%81%A8%E6%96%B9%E7%A8%8B%E5%BC%8F%E3%83%BB%E4%B8%8D%E7%AD%89%E5%BC%8F/07-2%E6%AC%A1%E4%B8%8D%E7%AD%89%E5%BC%8F%E3%81%A82%E6%AC%A1%E9%96%A2%E6%95%B0,native_anchor,https://ftext.org/mathI/02-%E9%96%A2%E6%95%B0%E3%81%A8%E6%96%B9%E7%A8%8B%E5%BC%8F%E3%83%BB%E4%B8%8D%E7%AD%89%E5%BC%8F/07-2%E6%AC%A1%E4%B8%8D%E7%AD%89%E5%BC%8F%E3%81%A82%E6%AC%A1%E9%96%A2%E6%95%B0#prob-s65-2,not_individually_verified(mechanism confirmed via 11-case sample),D=0で接する場合の2次不等式が完全一致
M1-QF-044,x軸と共有点をもたない場合の二次不等式,D<0の2次不等式を簡易グラフで解く,数学I 関数と方程式・不等式 2次不等式と2次関数,prob-s65-3,判別式D<0の場合の2次不等式,EXACT,https://ftext.org/mathI/02-%E9%96%A2%E6%95%B0%E3%81%A8%E6%96%B9%E7%A8%8B%E5%BC%8F%E3%83%BB%E4%B8%8D%E7%AD%89%E5%BC%8F/07-2%E6%AC%A1%E4%B8%8D%E7%AD%89%E5%BC%8F%E3%81%A82%E6%AC%A1%E9%96%A2%E6%95%B0,native_anchor,https://ftext.org/mathI/02-%E9%96%A2%E6%95%B0%E3%81%A8%E6%96%B9%E7%A8%8B%E5%BC%8F%E3%83%BB%E4%B8%8D%E7%AD%89%E5%BC%8F/07-2%E6%AC%A1%E4%B8%8D%E7%AD%89%E5%BC%8F%E3%81%A82%E6%AC%A1%E9%96%A2%E6%95%B0#prob-s65-3,not_individually_verified(mechanism confirmed via 11-case sample),D<0で共有点なしの場合の2次不等式が完全一致
M1-QF-045,連立二次不等式,2つの2次不等式を解き数直線で共通範囲を求める,数学I 関数と方程式・不等式 2次不等式と2次関数,prob-s65-5,連立2次不等式,EXACT,https://ftext.org/mathI/02-%E9%96%A2%E6%95%B0%E3%81%A8%E6%96%B9%E7%A8%8B%E5%BC%8F%E3%83%BB%E4%B8%8D%E7%AD%89%E5%BC%8F/07-2%E6%AC%A1%E4%B8%8D%E7%AD%89%E5%BC%8F%E3%81%A82%E6%AC%A1%E9%96%A2%E6%95%B0,native_anchor,https://ftext.org/mathI/02-%E9%96%A2%E6%95%B0%E3%81%A8%E6%96%B9%E7%A8%8B%E5%BC%8F%E3%83%BB%E4%B8%8D%E7%AD%89%E5%BC%8F/07-2%E6%AC%A1%E4%B8%8D%E7%AD%89%E5%BC%8F%E3%81%A82%E6%AC%A1%E9%96%A2%E6%95%B0#prob-s65-5,not_individually_verified(mechanism confirmed via 11-case sample),連立2次不等式を数直線で共通部分を取る骨格が完全一致
M1-QF-046,連続不等式,2つの2次不等式（連続不等式表記）を数直線で共通範囲を求める,数学I 関数と方程式・不等式 2次不等式と2次関数,prob-s65-5,連立2次不等式,EXACT,https://ftext.org/mathI/02-%E9%96%A2%E6%95%B0%E3%81%A8%E6%96%B9%E7%A8%8B%E5%BC%8F%E3%83%BB%E4%B8%8D%E7%AD%89%E5%BC%8F/07-2%E6%AC%A1%E4%B8%8D%E7%AD%89%E5%BC%8F%E3%81%A82%E6%AC%A1%E9%96%A2%E6%95%B0,native_anchor,https://ftext.org/mathI/02-%E9%96%A2%E6%95%B0%E3%81%A8%E6%96%B9%E7%A8%8B%E5%BC%8F%E3%83%BB%E4%B8%8D%E7%AD%89%E5%BC%8F/07-2%E6%AC%A1%E4%B8%8D%E7%AD%89%E5%BC%8F%E3%81%A82%E6%AC%A1%E9%96%A2%E6%95%B0#prob-s65-5,not_individually_verified(mechanism confirmed via 11-case sample),同じく2連立の2次不等式を数直線で処理する骨格
M1-QF-047,二次不等式を用いる実数解条件,x^2+2mx+4m-3=0が実数解条件(1)(2)(3)を満たすmの範囲,数学I 関数と方程式・不等式 2次方程式と2次関数,prob-s64-4,2次方程式の解の個数の判別,EXACT,https://ftext.org/mathI/02-%E9%96%A2%E6%95%B0%E3%81%A8%E6%96%B9%E7%A8%8B%E5%BC%8F%E3%83%BB%E4%B8%8D%E7%AD%89%E5%BC%8F/06-2%E6%AC%A1%E6%96%B9%E7%A8%8B%E5%BC%8F%E3%81%A82%E6%AC%A1%E9%96%A2%E6%95%B0,native_anchor,https://ftext.org/mathI/02-%E9%96%A2%E6%95%B0%E3%81%A8%E6%96%B9%E7%A8%8B%E5%BC%8F%E3%83%BB%E4%B8%8D%E7%AD%89%E5%BC%8F/06-2%E6%AC%A1%E6%96%B9%E7%A8%8B%E5%BC%8F%E3%81%A82%E6%AC%A1%E9%96%A2%E6%95%B0#prob-s64-4,not_individually_verified(mechanism confirmed via 11-case sample),文字定数を含む2次方程式の判別式で場合分けする骨格がQF-033と同型で完全一致
M1-QF-048,二次不等式を用いる共有点個数の分類,y=x^2-2mx+3m+4の共有点個数をmで調べる,数学I 関数と方程式・不等式 2次関数とそのグラフ,prob-s63-16,x軸との共有点の個数の判別,EXACT,https://ftext.org/mathI/02-%E9%96%A2%E6%95%B0%E3%81%A8%E6%96%B9%E7%A8%8B%E5%BC%8F%E3%83%BB%E4%B8%8D%E7%AD%89%E5%BC%8F/05-2%E6%AC%A1%E9%96%A2%E6%95%B0%E3%81%A8%E3%81%9D%E3%81%AE%E3%82%B0%E3%83%A9%E3%83%95,native_anchor,https://ftext.org/mathI/02-%E9%96%A2%E6%95%B0%E3%81%A8%E6%96%B9%E7%A8%8B%E5%BC%8F%E3%83%BB%E4%B8%8D%E7%AD%89%E5%BC%8F/05-2%E6%AC%A1%E9%96%A2%E6%95%B0%E3%81%A8%E3%81%9D%E3%81%AE%E3%82%B0%E3%83%A9%E3%83%95#prob-s63-16,not_individually_verified(mechanism confirmed via 11-case sample),QF-036/038と同型で完全一致
M1-QF-049,すべての実数で成り立つ二次不等式,x^2-2mx+3m+4>0がすべての実数xで成り立つmの範囲(D<0),数学I 関数と方程式・不等式 2次方程式と2次関数,prob-s64-4,2次方程式の解の個数の判別,CLOSE,https://ftext.org/mathI/02-%E9%96%A2%E6%95%B0%E3%81%A8%E6%96%B9%E7%A8%8B%E5%BC%8F%E3%83%BB%E4%B8%8D%E7%AD%89%E5%BC%8F/06-2%E6%AC%A1%E6%96%B9%E7%A8%8B%E5%BC%8F%E3%81%A82%E6%AC%A1%E9%96%A2%E6%95%B0,native_anchor,https://ftext.org/mathI/02-%E9%96%A2%E6%95%B0%E3%81%A8%E6%96%B9%E7%A8%8B%E5%BC%8F%E3%83%BB%E4%B8%8D%E7%AD%89%E5%BC%8F/06-2%E6%AC%A1%E6%96%B9%E7%A8%8B%E5%BC%8F%E3%81%A82%E6%AC%A1%E9%96%A2%E6%95%B0#prob-s64-4,not_individually_verified(mechanism confirmed via 11-case sample),D<0条件でmの範囲を出す計算は同型だが「すべての実数で成り立つ」への読み替えは含まれない
M1-QF-050,連立二次不等式の整数解,2つの2次不等式の共通範囲から整数解を全て求める,数学I 関数と方程式・不等式 2次不等式と2次関数,prob-s65-5,連立2次不等式,CLOSE,https://ftext.org/mathI/02-%E9%96%A2%E6%95%B0%E3%81%A8%E6%96%B9%E7%A8%8B%E5%BC%8F%E3%83%BB%E4%B8%8D%E7%AD%89%E5%BC%8F/07-2%E6%AC%A1%E4%B8%8D%E7%AD%89%E5%BC%8F%E3%81%A82%E6%AC%A1%E9%96%A2%E6%95%B0,native_anchor,https://ftext.org/mathI/02-%E9%96%A2%E6%95%B0%E3%81%A8%E6%96%B9%E7%A8%8B%E5%BC%8F%E3%83%BB%E4%B8%8D%E7%AD%89%E5%BC%8F/07-2%E6%AC%A1%E4%B8%8D%E7%AD%89%E5%BC%8F%E3%81%A82%E6%AC%A1%E9%96%A2%E6%95%B0#prob-s65-5,not_individually_verified(mechanism confirmed via 11-case sample),連立不等式で範囲を出すまでは同型だが整数解を抽出する最後の一手が含まれない
M1-QF-051,二次不等式の解から係数を決定,"解の範囲-2<x<1から係数a,bを逆算する",-,-,-,NONE,-,none,-,n/a,FTEXTのmathI範囲に逆算型の練習問題が見当たらない
M1-QF-052,文字を含む二次不等式の解（場合分け）,x^2-ax-6a^2>0をaの符号で場合分けして解く,-,-,-,NONE,-,none,-,n/a,FTEXTのmathI範囲に該当する練習問題が見当たらない
M1-QF-053,二次方程式の2解の符号条件,2解がともに正/ともに負/異符号となるmの範囲（解の配置）,-,-,-,NONE,-,none,-,n/a,解の配置（D・軸・端点値を使う応用技法）はFTEXT mathI範囲に該当問題が見当たらない
M1-QF-054,二次方程式の2解の位置条件,2解がx=1より右/x=1と3の間となるmの範囲（解の配置）,-,-,-,NONE,-,none,-,n/a,QF-053と同じく解の配置の応用でFTEXTに該当問題が見当たらない
M1-TR-001,三角比の定義,直角三角形の2辺からPythagorasで残りの辺を求め、sin/cos/tanを定義から求める,数学I / 三角比 / 鋭角の三角比,prob-s75-2,正弦・余弦の定義,EXACT,https://ftext.org/mathI/05-%E4%B8%89%E8%A7%92%E6%AF%94/01-%E9%8B%AD%E8%A7%92%E3%81%AE%E4%B8%89%E8%A7%92%E6%AF%94,native_anchor,https://ftext.org/mathI/05-%E4%B8%89%E8%A7%92%E6%AF%94/01-%E9%8B%AD%E8%A7%92%E3%81%AE%E4%B8%89%E8%A7%92%E6%AF%94#prob-s75-2,not_individually_verified(mechanism confirmed via 11-case sample),設定・解法骨格が同一（2辺→Pythagoras→定義でsin/cos）。数値のみ相違
M1-TR-002,三角比の表の使い方,三角比の表の正引き・逆引き（sin17°を引く、cosθ=0.73からθを逆引き）,数学I / 三角比,,,NONE,,none,,n/a,FTEXT側に表の正引き・逆引きだけを単独で練習する問題が見当たらない（応用問題prob-s75-7は表の値を既知として使うのみで、引く操作自体は練習させない）。無理な代替はしない
M1-TR-003,三角比を利用した高さと距離,仰角/なす角と1辺の長さから、直角三角形の高さ・水平距離を求める応用,数学I / 三角比 / 鋭角の三角比,prob-s75-7,三角比の応用,EXACT,https://ftext.org/mathI/05-%E4%B8%89%E8%A7%92%E6%AF%94/01-%E9%8B%AD%E8%A7%92%E3%81%AE%E4%B8%89%E8%A7%92%E6%AF%94,native_anchor,https://ftext.org/mathI/05-%E4%B8%89%E8%A7%92%E6%AF%94/01-%E9%8B%AD%E8%A7%92%E3%81%AE%E4%B8%89%E8%A7%92%E6%AF%94#prob-s75-7,not_individually_verified(mechanism confirmed via 11-case sample),仰角＋辺の長さから高さを求める同型の応用問題（木の高さ／凧の高さ）
M1-TR-004,三角比の定義を用いた辺の長さ,直角三角形に垂線を下ろした多段階構成で、各辺をθ・kの式で表す,数学I / 三角比 / 鋭角の三角比,prob-s75-6,三角比と辺の長さ,CLOSE,https://ftext.org/mathI/05-%E4%B8%89%E8%A7%92%E6%AF%94/01-%E9%8B%AD%E8%A7%92%E3%81%AE%E4%B8%89%E8%A7%92%E6%AF%94,native_anchor,https://ftext.org/mathI/05-%E4%B8%89%E8%A7%92%E6%AF%94/01-%E9%8B%AD%E8%A7%92%E3%81%AE%E4%B8%89%E8%A7%92%E6%AF%94#prob-s75-6,not_individually_verified(mechanism confirmed via 11-case sample),複数の直角三角形にまたがり辺長を三角比の式で表す点は同技能。三角形の具体的な組み方（垂線の下ろし方）は異なる
M1-TR-005,三角比の相互関係,sin/cos/tanのいずれか1つから残り2つを相互関係で求める（鋭角、3小問）,数学I / 三角比 / 鋭角の三角比,prob-s75-4,三角比の相互関係の利用,EXACT,https://ftext.org/mathI/05-%E4%B8%89%E8%A7%92%E6%AF%94/01-%E9%8B%AD%E8%A7%92%E3%81%AE%E4%B8%89%E8%A7%92%E6%AF%94,native_anchor,https://ftext.org/mathI/05-%E4%B8%89%E8%A7%92%E6%AF%94/01-%E9%8B%AD%E8%A7%92%E3%81%AE%E4%B8%89%E8%A7%92%E6%AF%94#prob-s75-4,not_individually_verified(mechanism confirmed via 11-case sample),3小問構成・解法手順が完全一致（sinθ=…／cosθ=…／tanθ=…の3パターン）。数値のみ一部相違
M1-TR-006,90°−θ の三角比,鋭角でない角の三角比を45°以下の角の三角比で表す,数学I / 三角比 / 鋭角の三角比,prob-s75-5,90°-A の三角比の利用,EXACT,https://ftext.org/mathI/05-%E4%B8%89%E8%A7%92%E6%AF%94/01-%E9%8B%AD%E8%A7%92%E3%81%AE%E4%B8%89%E8%A7%92%E6%AF%94,native_anchor,https://ftext.org/mathI/05-%E4%B8%89%E8%A7%92%E6%AF%94/01-%E9%8B%AD%E8%A7%92%E3%81%AE%E4%B8%89%E8%A7%92%E6%AF%94#prob-s75-5,not_individually_verified(mechanism confirmed via 11-case sample),技能・出題形式（sin/cos/tan各1問を変換）が同一。角度の数値のみ相違
M1-TR-007,三角比の相互関係を使った式計算,sin²+cos²=1やtanの関係を使って三角比の式を簡単にする,数学I / 三角比 / 三角比の拡張,prob-s76-5,三角比の計算,EXACT,https://ftext.org/mathI/05-%E4%B8%89%E8%A7%92%E6%AF%94/02-%E4%B8%89%E8%A7%92%E6%AF%94%E3%81%AE%E6%8B%A1%E5%BC%B5,native_anchor,https://ftext.org/mathI/05-%E4%B8%89%E8%A7%92%E6%AF%94/02-%E4%B8%89%E8%A7%92%E6%AF%94%E3%81%AE%E6%8B%A1%E5%BC%B5#prob-s76-5,not_individually_verified(mechanism confirmed via 11-case sample),小問(1)の式 (sinθ+cosθ)²+(sinθ-cosθ)² が完全に同一の式。小問(2)も同系統の恒等式簡略化
M1-TR-008,0°〜180°の三角比と単位円,単位円を使って0°〜180°の有名角のsin/cos/tanの値を一覧で埋める,数学I / 三角比 / 三角比の拡張,prob-s76-1,有名角の三角比,EXACT,https://ftext.org/mathI/05-%E4%B8%89%E8%A7%92%E6%AF%94/02-%E4%B8%89%E8%A7%92%E6%AF%94%E3%81%AE%E6%8B%A1%E5%BC%B5,native_anchor,https://ftext.org/mathI/05-%E4%B8%89%E8%A7%92%E6%AF%94/02-%E4%B8%89%E8%A7%92%E6%AF%94%E3%81%AE%E6%8B%A1%E5%BC%B5#prob-s76-1,verified_pc_2026-09-13,出題形式（0°〜180°の同じ角度セットの表を完成させる）まで一致
M1-TR-009,三角比の値から角を求める,0°〜180°でsinθ/cosθ/tanθ=定数を満たすθを単位円で求める（3小問）,数学I / 三角比 / 三角比の拡張,prob-s76-2,三角比を含む方程式,EXACT,https://ftext.org/mathI/05-%E4%B8%89%E8%A7%92%E6%AF%94/02-%E4%B8%89%E8%A7%92%E6%AF%94%E3%81%AE%E6%8B%A1%E5%BC%B5,native_anchor,https://ftext.org/mathI/05-%E4%B8%89%E8%A7%92%E6%AF%94/02-%E4%B8%89%E8%A7%92%E6%AF%94%E3%81%AE%E6%8B%A1%E5%BC%B5#prob-s76-2,verified_pc_2026-09-13,sin/cos/tanそれぞれの方程式を単位円で解く同型3小問。数値のみ相違
M1-TR-010,三角比の相互関係と符号,0°〜180°で1つの三角比から残り2つを求める（符号の場合分けを伴う）,数学I / 三角比 / 三角比の拡張,prob-s76-4,拡張された三角比の相互関係の利用,EXACT,https://ftext.org/mathI/05-%E4%B8%89%E8%A7%92%E6%AF%94/02-%E4%B8%89%E8%A7%92%E6%AF%94%E3%81%AE%E6%8B%A1%E5%BC%B5,native_anchor,https://ftext.org/mathI/05-%E4%B8%89%E8%A7%92%E6%AF%94/02-%E4%B8%89%E8%A7%92%E6%AF%94%E3%81%AE%E6%8B%A1%E5%BC%B5#prob-s76-4,not_individually_verified(mechanism confirmed via 11-case sample),3小問構成・符号場合分けの手順まで一致。数値のみ相違
M1-TR-011,tanθ と直線の傾き,直線の式からtanθ=傾きを使ってx軸とのなす角を求める（往復）,数学I / 三角比,,,BROAD,,none,,n/a,FTEXTでは同種の考え方が三角比を含む方程式(prob-s76-2の(3))内に部分的に現れるのみで、独立した「直線の傾きから角度」専用の数学I問題は見当たらない。無理に対応させずBROADとする
M1-TR-012,2直線のなす角,2直線の傾きから、なす角θを求める（三角形の外角関係を利用）,数学II / 三角関数 / 三角関数の加法定理とその応用,prob-s117-4,2直線のなす角〜その1〜,BROAD,https://ftext.org/mathII/03-%E4%B8%89%E8%A7%92%E9%96%A2%E6%95%B0/04-%E4%B8%89%E8%A7%92%E9%96%A2%E6%95%B0%E3%81%AE%E5%8A%A0%E6%B3%95%E5%AE%9A%E7%90%86%E3%81%A8%E3%81%9D%E3%81%AE%E5%BF%9C%E7%94%A8,native_anchor,,not_individually_verified(mechanism confirmed via 11-case sample),同じ最終目標だが、FTEXT側は正接の加法定理tan(α-β)を用いる数学II手法。ナビ側は数学Iの範囲で三角形の外角関係のみで解く別解法のため、解法骨格が異なりBROAD止まり。direct_urlは参考として空欄
M1-TR-013,三角比の変換公式を利用した式計算,90°+θ・180°−θ型の変換公式で数値角を鋭角へ変換し、式を簡単にする,数学I / 三角比 / 三角比の拡張,prob-s76-7,180°-θ の三角比の利用,CLOSE,https://ftext.org/mathI/05-%E4%B8%89%E8%A7%92%E6%AF%94/02-%E4%B8%89%E8%A7%92%E6%AF%94%E3%81%AE%E6%8B%A1%E5%BC%B5,native_anchor,https://ftext.org/mathI/05-%E4%B8%89%E8%A7%92%E6%AF%94/02-%E4%B8%89%E8%A7%92%E6%AF%94%E3%81%AE%E6%8B%A1%E5%BC%B5#prob-s76-7,not_individually_verified(mechanism confirmed via 11-case sample),変換公式を使って鋭角へ直す中心技能は一致。ナビ側はその後さらに式を合成・簡略化する分、一段階複雑
M1-TR-014,三角比を含む式の値,sinθ+cosθ=kから、sinθcosθ・sin³+cos³・sinθ-cosθを求める,数学II / 三角関数 / 三角関数について,prob-s115-6,sinθ±cosθとsinθの関係,CLOSE,https://ftext.org/mathII/03-%E4%B8%89%E8%A7%92%E9%96%A2%E6%95%B0/02-%E4%B8%89%E8%A7%92%E9%96%A2%E6%95%B0%E3%81%AB%E3%81%A4%E3%81%84%E3%81%A6,native_anchor,https://ftext.org/mathII/03-%E4%B8%89%E8%A7%92%E9%96%A2%E6%95%B0/02-%E4%B8%89%E8%A7%92%E9%96%A2%E6%95%B0%E3%81%AB%E3%81%A4%E3%81%84%E3%81%A6#prob-s115-6,not_individually_verified(mechanism confirmed via 11-case sample),sinθ+cosθ→2乗して積を出す→差を出す、という中心手順が一致（sin³+cos³の設問はFTEXT側になし）。数学II配置だが必要な前提知識は数学Iのみ
M1-TR-015,三角比を含む不等式,0°〜180°でsinθ/cosθ/tanθの不等式を単位円で解く（3小問、発展内容）,数学I / 三角比 / 三角比の拡張,prob-s76-3,三角比を含む不等式,EXACT,https://ftext.org/mathI/05-%E4%B8%89%E8%A7%92%E6%AF%94/02-%E4%B8%89%E8%A7%92%E6%AF%94%E3%81%AE%E6%8B%A1%E5%BC%B5,native_anchor,https://ftext.org/mathI/05-%E4%B8%89%E8%A7%92%E6%AF%94/02-%E4%B8%89%E8%A7%92%E6%AF%94%E3%81%AE%E6%8B%A1%E5%BC%B5#prob-s76-3,not_individually_verified(mechanism confirmed via 11-case sample),sin/cos/tanの不等式を単位円の弧で解く3小問構成まで一致
M1-TR-016,正弦定理の基本利用,2角と1辺から正弦定理でもう1辺（または角）を求める,数学I / 平面図形・空間図形の計量 / 三角比の応用,prob-s78-1,正弦定理の利用〜その1〜,EXACT,https://ftext.org/mathI/06-%E5%B9%B3%E9%9D%A2%E5%9B%B3%E5%BD%A2%E3%83%BB%E7%A9%BA%E9%96%93%E5%9B%B3%E5%BD%A2%E3%81%AE%E8%A8%88%E9%87%8F/01-%E4%B8%89%E8%A7%92%E6%AF%94%E3%81%AE%E5%BF%9C%E7%94%A8,native_anchor,https://ftext.org/mathI/06-%E5%B9%B3%E9%9D%A2%E5%9B%B3%E5%BD%A2%E3%83%BB%E7%A9%BA%E9%96%93%E5%9B%B3%E5%BD%A2%E3%81%AE%E8%A8%88%E9%87%8F/01-%E4%B8%89%E8%A7%92%E6%AF%94%E3%81%AE%E5%BF%9C%E7%94%A8#prob-s78-1,not_individually_verified(mechanism confirmed via 11-case sample),正弦定理 a/sinA=b/sinB を用いて未知の辺を求める基本形が一致。数値のみ相違
M1-TR-017,正弦定理と外接円,正弦定理から外接円の半径R、およびRから辺を求める,数学I / 平面図形・空間図形の計量 / 三角比の応用,prob-s78-1,正弦定理の利用〜その1〜,EXACT,https://ftext.org/mathI/06-%E5%B9%B3%E9%9D%A2%E5%9B%B3%E5%BD%A2%E3%83%BB%E7%A9%BA%E9%96%93%E5%9B%B3%E5%BD%A2%E3%81%AE%E8%A8%88%E9%87%8F/01-%E4%B8%89%E8%A7%92%E6%AF%94%E3%81%AE%E5%BF%9C%E7%94%A8,native_anchor,https://ftext.org/mathI/06-%E5%B9%B3%E9%9D%A2%E5%9B%B3%E5%BD%A2%E3%83%BB%E7%A9%BA%E9%96%93%E5%9B%B3%E5%BD%A2%E3%81%AE%E8%A8%88%E9%87%8F/01-%E4%B8%89%E8%A7%92%E6%AF%94%E3%81%AE%E5%BF%9C%E7%94%A8#prob-s78-1,verified_pc_2026-09-13,同じ問題内でR=a/(2sinA)による外接円半径の計算を実演しており、TR-017(1)と直接一致
M1-TR-018,余弦定理の基本利用,2辺とその間の角(SAS)から余弦定理で残りの辺を求める,数学I / 平面図形・空間図形の計量 / 三角比の応用,prob-s78-3,余弦定理の利用〜その1〜,EXACT,https://ftext.org/mathI/06-%E5%B9%B3%E9%9D%A2%E5%9B%B3%E5%BD%A2%E3%83%BB%E7%A9%BA%E9%96%93%E5%9B%B3%E5%BD%A2%E3%81%AE%E8%A8%88%E9%87%8F/01-%E4%B8%89%E8%A7%92%E6%AF%94%E3%81%AE%E5%BF%9C%E7%94%A8,native_anchor,https://ftext.org/mathI/06-%E5%B9%B3%E9%9D%A2%E5%9B%B3%E5%BD%A2%E3%83%BB%E7%A9%BA%E9%96%93%E5%9B%B3%E5%BD%A2%E3%81%AE%E8%A8%88%E9%87%8F/01-%E4%B8%89%E8%A7%92%E6%AF%94%E3%81%AE%E5%BF%9C%E7%94%A8#prob-s78-3,verified_pc_2026-09-13,"b,c,Aから余弦定理でaを求める形式・手順が完全一致。数値のみ相違"
M1-TR-019,余弦定理で辺を求める（二次方程式型）,辺・対角でない角(SSA)から余弦定理を立てるとaの二次方程式になり、2解とも三角形として成立するか吟味する,数学I / 平面図形・空間図形の計量,,,NONE,,none,,n/a,section_id=78内の余弦定理問題2件はいずれも二次方程式・複数解の吟味を要さないSASまたは3辺既知の形。同種のambiguous case（2次方程式で2解を検討する型）はFTEXT内で見当たらず、無理な代替はしない
M1-TR-020,余弦定理で角を求める,3辺の長さから余弦定理を変形して1つの角を求める,数学I / 平面図形・空間図形の計量 / 三角比の応用,prob-s78-4,余弦定理の利用〜その2〜,EXACT,https://ftext.org/mathI/06-%E5%B9%B3%E9%9D%A2%E5%9B%B3%E5%BD%A2%E3%83%BB%E7%A9%BA%E9%96%93%E5%9B%B3%E5%BD%A2%E3%81%AE%E8%A8%88%E9%87%8F/01-%E4%B8%89%E8%A7%92%E6%AF%94%E3%81%AE%E5%BF%9C%E7%94%A8,native_anchor,https://ftext.org/mathI/06-%E5%B9%B3%E9%9D%A2%E5%9B%B3%E5%BD%A2%E3%83%BB%E7%A9%BA%E9%96%93%E5%9B%B3%E5%BD%A2%E3%81%AE%E8%A8%88%E9%87%8F/01-%E4%B8%89%E8%A7%92%E6%AF%94%E3%81%AE%E5%BF%9C%E7%94%A8#prob-s78-4,not_individually_verified(mechanism confirmed via 11-case sample),3辺既知からcosA=(b²+c²-a²)/2bcで角を求める形式が完全一致
M1-TR-021,三角形の形状判定,3辺既知の三角形の形状判定（余弦定理でcosの符号を調べ鋭角・直角・鈍角を判定）,数学I / 平面図形・空間図形の計量 / 三角比の応用,prob-s78-4,余弦定理の利用～その2～,CLOSE,https://ftext.org/mathI/06-%E5%B9%B3%E9%9D%A2%E5%9B%B3%E5%BD%A2%E3%83%BB%E7%A9%BA%E9%96%93%E5%9B%B3%E5%BD%A2%E3%81%AE%E8%A8%88%E9%87%8F/01-%E4%B8%89%E8%A7%92%E6%AF%94%E3%81%AE%E5%BF%9C%E7%94%A8,native_anchor,https://ftext.org/mathI/06-%E5%B9%B3%E9%9D%A2%E5%9B%B3%E5%BD%A2%E3%83%BB%E7%A9%BA%E9%96%93%E5%9B%B3%E5%BD%A2%E3%81%AE%E8%A8%88%E9%87%8F/01-%E4%B8%89%E8%A7%92%E6%AF%94%E3%81%AE%E5%BF%9C%E7%94%A8#prob-s78-4,not_individually_verified(mechanism confirmed via 11-case sample),3辺から余弦定理でcosを求める技能は同一。FTEXT側はcosBが汚い値になる例で『三角比の表よりB≒49°』と注記しており、cos符号→鋭角/鈍角の考え方に近いが、鋭角・直角・鈍角の分類そのものを問う設問ではないためCLOSE。
M1-TR-022,正弦定理・余弦定理による三角形の決定（標準型）,2辺と挟角（SAS）から残りの辺・角を決定,数学I / 平面図形・空間図形の計量 / 平面図形の計量,prob-s79-2,b. 2辺とその間の角が与えられた場合,EXACT,https://ftext.org/mathI/06-%E5%B9%B3%E9%9D%A2%E5%9B%B3%E5%BD%A2%E3%83%BB%E7%A9%BA%E9%96%93%E5%9B%B3%E5%BD%A2%E3%81%AE%E8%A8%88%E9%87%8F/02-%E5%B9%B3%E9%9D%A2%E5%9B%B3%E5%BD%A2%E3%81%AE%E8%A8%88%E9%87%8F,native_anchor,https://ftext.org/mathI/06-%E5%B9%B3%E9%9D%A2%E5%9B%B3%E5%BD%A2%E3%83%BB%E7%A9%BA%E9%96%93%E5%9B%B3%E5%BD%A2%E3%81%AE%E8%A8%88%E9%87%8F/02-%E5%B9%B3%E9%9D%A2%E5%9B%B3%E5%BD%A2%E3%81%AE%E8%A8%88%E9%87%8F#prob-s79-2,verified_pc_2026-09-13,SAS→余弦定理で残り辺→正弦/余弦定理で残り角、という骨格が完全一致。数値・角度のみ相違。
M1-TR-023,三角形の決定（複数解の判断を含む）,2辺と挟まない角（SSA）から三角形を決定・複数解の判断,数学I / 平面図形・空間図形の計量 / 平面図形の計量,prob-s79-4,d. 2辺とその間でない角が与えられた場合,EXACT,https://ftext.org/mathI/06-%E5%B9%B3%E9%9D%A2%E5%9B%B3%E5%BD%A2%E3%83%BB%E7%A9%BA%E9%96%93%E5%9B%B3%E5%BD%A2%E3%81%AE%E8%A8%88%E9%87%8F/02-%E5%B9%B3%E9%9D%A2%E5%9B%B3%E5%BD%A2%E3%81%AE%E8%A8%88%E9%87%8F,native_anchor,https://ftext.org/mathI/06-%E5%B9%B3%E9%9D%A2%E5%9B%B3%E5%BD%A2%E3%83%BB%E7%A9%BA%E9%96%93%E5%9B%B3%E5%BD%A2%E3%81%AE%E8%A8%88%E9%87%8F/02-%E5%B9%B3%E9%9D%A2%E5%9B%B3%E5%BD%A2%E3%81%AE%E8%A8%88%E9%87%8F#prob-s79-4,not_individually_verified(mechanism confirmed via 11-case sample),SSAの多解性判定（sinBから2通りのBを出し、内角和で不適を除く）という骨格が完全一致。
M1-TR-024,正弦の比と辺の比,正弦の比→辺の比の変換、余弦定理でcosCを求める,,,,NONE,,none,,n/a,sinA:sinB:sinC の比から辺の比へ変換する技能に直接対応する問題がFTEXT側に見当たらなかった（複数の言い換えで検索したが該当なし）。無理な対応付けはしない。
M1-TR-025,正弦の比と最大角,正弦の比→辺の比の変換、最大角を余弦定理で求める,,,,NONE,,none,,n/a,TR024と同系統。比から最大角を求める技能に対応する問題が見当たらない。
M1-TR-026,内分点までの長さ,三角形内部の分点までの長さ（隣接角の補角関係cosθ=-cosθ'を利用した連立）,数学I / 平面図形・空間図形の計量 / 平面図形の計量,prob-s79-6,二等辺三角形を分割する線の長さ,CLOSE,https://ftext.org/mathI/06-%E5%B9%B3%E9%9D%A2%E5%9B%B3%E5%BD%A2%E3%83%BB%E7%A9%BA%E9%96%93%E5%9B%B3%E5%BD%A2%E3%81%AE%E8%A8%88%E9%87%8F/02-%E5%B9%B3%E9%9D%A2%E5%9B%B3%E5%BD%A2%E3%81%AE%E8%A8%88%E9%87%8F,native_anchor,https://ftext.org/mathI/06-%E5%B9%B3%E9%9D%A2%E5%9B%B3%E5%BD%A2%E3%83%BB%E7%A9%BA%E9%96%93%E5%9B%B3%E5%BD%A2%E3%81%AE%E8%A8%88%E9%87%8F/02-%E5%B9%B3%E9%9D%A2%E5%9B%B3%E5%BD%A2%E3%81%AE%E8%A8%88%E9%87%8F#prob-s79-6,not_individually_verified(mechanism confirmed via 11-case sample),『底辺上の点までの補助線の長さを、隣接角どうしのcosの関係(cosθ=cosθ)から連立して求める』という骨格は共通。ただしFTEXT側は二等辺三角形限定（AB=AC）で、nav側は一般の三角形（cos∠ADB=-cos∠ADCという補角関係を使う点が異なる）ためCLOSE止まり。
M1-TR-027,2辺とその間の角から三角形の面積を求める,2辺と挟角から面積 (1/2)ab sinC,数学I / 平面図形・空間図形の計量 / 平面図形の計量,try-s79-2,三角形の面積と内接円の半径,CLOSE,https://ftext.org/mathI/06-%E5%B9%B3%E9%9D%A2%E5%9B%B3%E5%BD%A2%E3%83%BB%E7%A9%BA%E9%96%93%E5%9B%B3%E5%BD%A2%E3%81%AE%E8%A8%88%E9%87%8F/02-%E5%B9%B3%E9%9D%A2%E5%9B%B3%E5%BD%A2%E3%81%AE%E8%A8%88%E9%87%8F,native_anchor,https://ftext.org/mathI/06-%E5%B9%B3%E9%9D%A2%E5%9B%B3%E5%BD%A2%E3%83%BB%E7%A9%BA%E9%96%93%E5%9B%B3%E5%BD%A2%E3%81%AE%E8%A8%88%E9%87%8F/02-%E5%B9%B3%E9%9D%A2%E5%9B%B3%E5%BD%A2%E3%81%AE%E8%A8%88%E9%87%8F#try-s79-2,not_individually_verified(mechanism confirmed via 11-case sample),(1)(2)の『SAS→余弦定理で残り辺→(1/2)bcsinAで面積』の部分はTR027と同一技能。ただしFTEXT側は面積の後に内接円半径まで求める発展問題であるため、単独の面積問題とは目的がややずれ、CLOSEとした。
M1-TR-028,3辺から三角形の面積を求める,3辺から面積（余弦定理→sinへ変換→面積公式）,数学I / 平面図形・空間図形の計量 / 平面図形の計量,prob-s79-3,c. 3辺が与えられた場合,CLOSE,https://ftext.org/mathI/06-%E5%B9%B3%E9%9D%A2%E5%9B%B3%E5%BD%A2%E3%83%BB%E7%A9%BA%E9%96%93%E5%9B%B3%E5%BD%A2%E3%81%AE%E8%A8%88%E9%87%8F/02-%E5%B9%B3%E9%9D%A2%E5%9B%B3%E5%BD%A2%E3%81%AE%E8%A8%88%E9%87%8F,native_anchor,https://ftext.org/mathI/06-%E5%B9%B3%E9%9D%A2%E5%9B%B3%E5%BD%A2%E3%83%BB%E7%A9%BA%E9%96%93%E5%9B%B3%E5%BD%A2%E3%81%AE%E8%A8%88%E9%87%8F/02-%E5%B9%B3%E9%9D%A2%E5%9B%B3%E5%BD%A2%E3%81%AE%E8%A8%88%E9%87%8F#prob-s79-3,not_individually_verified(mechanism confirmed via 11-case sample),3辺→余弦定理でcosを求める前半部分の技能は共通。ただしFTEXT側の設問は面積ではなく3角すべての決定が目的で、面積までは踏み込まないためCLOSE。
M1-TR-029,角の二等分線の長さ,角の二等分線の長さ（面積の分割による方程式）,,,,NONE,,none,,n/a,"FTEXTの角の二等分線関連問題(prob-s79-7,8)はいずれも『角の二等分線の定理による底辺の比』を問うもので、二等分線自身の長さ（面積分割で求める別技能）を問う問題ではないため対応させなかった。"
M1-TR-030,円に内接する四角形の面積,円に内接する四角形の面積（cosA=-cosC、余弦定理2回）,数学I / 平面図形・空間図形の計量 / 平面図形の計量,prob-s79-9,円に内接する四角形,EXACT,https://ftext.org/mathI/06-%E5%B9%B3%E9%9D%A2%E5%9B%B3%E5%BD%A2%E3%83%BB%E7%A9%BA%E9%96%93%E5%9B%B3%E5%BD%A2%E3%81%AE%E8%A8%88%E9%87%8F/02-%E5%B9%B3%E9%9D%A2%E5%9B%B3%E5%BD%A2%E3%81%AE%E8%A8%88%E9%87%8F,native_anchor,https://ftext.org/mathI/06-%E5%B9%B3%E9%9D%A2%E5%9B%B3%E5%BD%A2%E3%83%BB%E7%A9%BA%E9%96%93%E5%9B%B3%E5%BD%A2%E3%81%AE%E8%A8%88%E9%87%8F/02-%E5%B9%B3%E9%9D%A2%E5%9B%B3%E5%BD%A2%E3%81%AE%E8%A8%88%E9%87%8F#prob-s79-9,not_individually_verified(mechanism confirmed via 11-case sample),4辺既知→A+C=180°→cosA=-cosC→余弦定理2回→面積、という手順が完全一致。
M1-TR-031,円に内接する四角形の対角線・面積,円に内接する四角形の対角線の長さ・面積（同技法）,数学I / 平面図形・空間図形の計量 / 平面図形の計量,prob-s79-9,円に内接する四角形,EXACT,https://ftext.org/mathI/06-%E5%B9%B3%E9%9D%A2%E5%9B%B3%E5%BD%A2%E3%83%BB%E7%A9%BA%E9%96%93%E5%9B%B3%E5%BD%A2%E3%81%AE%E8%A8%88%E9%87%8F/02-%E5%B9%B3%E9%9D%A2%E5%9B%B3%E5%BD%A2%E3%81%AE%E8%A8%88%E9%87%8F,native_anchor,https://ftext.org/mathI/06-%E5%B9%B3%E9%9D%A2%E5%9B%B3%E5%BD%A2%E3%83%BB%E7%A9%BA%E9%96%93%E5%9B%B3%E5%BD%A2%E3%81%AE%E8%A8%88%E9%87%8F/02-%E5%B9%B3%E9%9D%A2%E5%9B%B3%E5%BD%A2%E3%81%AE%E8%A8%88%E9%87%8F#prob-s79-9,not_individually_verified(mechanism confirmed via 11-case sample),TR030と同一FTEXT問題。対角線の長さを求める(1)部分もprob-s79-9のBD算出と同じ技法。
M1-TR-032,円に内接・外接する正六角形の面積,正六角形の面積（内接・外接、正三角形分割）,,,,NONE,,none,,n/a,正多角形の面積の一般公式（thm系）はあるが、正六角形固有の内接・外接面積を扱う問題は見当たらなかった。
M1-TR-033,三角形の内接円の半径,SASから面積→内接円の半径 r=2S/(a+b+c),数学I / 平面図形・空間図形の計量 / 平面図形の計量,try-s79-2,三角形の面積と内接円の半径,EXACT,https://ftext.org/mathI/06-%E5%B9%B3%E9%9D%A2%E5%9B%B3%E5%BD%A2%E3%83%BB%E7%A9%BA%E9%96%93%E5%9B%B3%E5%BD%A2%E3%81%AE%E8%A8%88%E9%87%8F/02-%E5%B9%B3%E9%9D%A2%E5%9B%B3%E5%BD%A2%E3%81%AE%E8%A8%88%E9%87%8F,native_anchor,https://ftext.org/mathI/06-%E5%B9%B3%E9%9D%A2%E5%9B%B3%E5%BD%A2%E3%83%BB%E7%A9%BA%E9%96%93%E5%9B%B3%E5%BD%A2%E3%81%AE%E8%A8%88%E9%87%8F/02-%E5%B9%B3%E9%9D%A2%E5%9B%B3%E5%BD%A2%E3%81%AE%E8%A8%88%E9%87%8F#try-s79-2,verified_pc_2026-09-13,SAS→余弦定理で残り辺→面積→r=2S/(a+b+c)という手順が完全一致。数値のみ相違。
M1-TR-034,対角線とそのなす角から四角形の面積を求める,対角線とその挟角から四角形の面積 (1/2)d1 d2 sinθ,数学I / 平面図形・空間図形の計量 / 平面図形の計量,try-s79-1,四角形の対角線と面積,EXACT,https://ftext.org/mathI/06-%E5%B9%B3%E9%9D%A2%E5%9B%B3%E5%BD%A2%E3%83%BB%E7%A9%BA%E9%96%93%E5%9B%B3%E5%BD%A2%E3%81%AE%E8%A8%88%E9%87%8F/02-%E5%B9%B3%E9%9D%A2%E5%9B%B3%E5%BD%A2%E3%81%AE%E8%A8%88%E9%87%8F,native_anchor,https://ftext.org/mathI/06-%E5%B9%B3%E9%9D%A2%E5%9B%B3%E5%BD%A2%E3%83%BB%E7%A9%BA%E9%96%93%E5%9B%B3%E5%BD%A2%E3%81%AE%E8%A8%88%E9%87%8F/02-%E5%B9%B3%E9%9D%A2%E5%9B%B3%E5%BD%A2%E3%81%AE%E8%A8%88%E9%87%8F#try-s79-1,not_individually_verified(mechanism confirmed via 11-case sample),"FTEXT側は一般文字a,b,θでの公式導出そのもの（S=(1/2)absinθ）で、navはこの公式に具体的数値6,8,60°を代入するだけの問題。実質同一技能。"
M1-TR-035,ヘロンの公式,3辺から面積（ヘロンの公式を明示的に使用）,,,,BROAD,,none,,n/a,『3辺から面積を求める』という到達点はprob-s79-3等と同じだが、nav側は明示的に「ヘロンの公式」という別の公式・手順を指定しており、FTEXT側はヘロンの公式という名称・手順を教えていない（余弦定理→sinの手順のみ）。手順が異なるためEXACT/CLOSEにはせずBROADとした。
M1-TR-036,直方体内の三角形の角・面積と垂線,直方体内の対角三角形の角・面積・体積・点と平面の距離,数学I / 平面図形・空間図形の計量 / 空間図形の計量,prob-s80-3,正四面体の計量,BROAD,https://ftext.org/mathI/06-%E5%B9%B3%E9%9D%A2%E5%9B%B3%E5%BD%A2%E3%83%BB%E7%A9%BA%E9%96%93%E5%9B%B3%E5%BD%A2%E3%81%AE%E8%A8%88%E9%87%8F/03-%E7%A9%BA%E9%96%93%E5%9B%B3%E5%BD%A2%E3%81%AE%E8%A8%88%E9%87%8F,native_anchor,https://ftext.org/mathI/06-%E5%B9%B3%E9%9D%A2%E5%9B%B3%E5%BD%A2%E3%83%BB%E7%A9%BA%E9%96%93%E5%9B%B3%E5%BD%A2%E3%81%AE%E8%A8%88%E9%87%8F/03-%E7%A9%BA%E9%96%93%E5%9B%B3%E5%BD%A2%E3%81%AE%E8%A8%88%E9%87%8F#prob-s80-3,not_individually_verified(mechanism confirmed via 11-case sample),『空間図形を余弦定理で三角形に帰着させ、面積・体積・垂線の長さを求める』というメタ技能は共通だが、直方体という具体設定に対応する問題は見当たらず、正四面体という別設定での代替のためBROAD。
M1-TR-037,正四面体の辺上の点と三角形,正四面体の辺上の分点間の距離・なす角・面積,数学I / 平面図形・空間図形の計量 / 空間図形の計量,prob-s80-3,正四面体の計量,BROAD,https://ftext.org/mathI/06-%E5%B9%B3%E9%9D%A2%E5%9B%B3%E5%BD%A2%E3%83%BB%E7%A9%BA%E9%96%93%E5%9B%B3%E5%BD%A2%E3%81%AE%E8%A8%88%E9%87%8F/03-%E7%A9%BA%E9%96%93%E5%9B%B3%E5%BD%A2%E3%81%AE%E8%A8%88%E9%87%8F,native_anchor,https://ftext.org/mathI/06-%E5%B9%B3%E9%9D%A2%E5%9B%B3%E5%BD%A2%E3%83%BB%E7%A9%BA%E9%96%93%E5%9B%B3%E5%BD%A2%E3%81%AE%E8%A8%88%E9%87%8F/03-%E7%A9%BA%E9%96%93%E5%9B%B3%E5%BD%A2%E3%81%AE%E8%A8%88%E9%87%8F#prob-s80-3,not_individually_verified(mechanism confirmed via 11-case sample),"正四面体の辺や面を余弦定理で処理する点は共通するが、辺上の分点P,Qという具体設定に一致する問題はなく、BROAD。"
M1-TR-038,正四面体の高さと体積,正四面体の高さ・体積（中点からの垂線の長さをcosθ経由で算出）,数学I / 平面図形・空間図形の計量 / 空間図形の計量,prob-s80-3,正四面体の計量,EXACT,https://ftext.org/mathI/06-%E5%B9%B3%E9%9D%A2%E5%9B%B3%E5%BD%A2%E3%83%BB%E7%A9%BA%E9%96%93%E5%9B%B3%E5%BD%A2%E3%81%AE%E8%A8%88%E9%87%8F/03-%E7%A9%BA%E9%96%93%E5%9B%B3%E5%BD%A2%E3%81%AE%E8%A8%88%E9%87%8F,native_anchor,https://ftext.org/mathI/06-%E5%B9%B3%E9%9D%A2%E5%9B%B3%E5%BD%A2%E3%83%BB%E7%A9%BA%E9%96%93%E5%9B%B3%E5%BD%A2%E3%81%AE%E8%A8%88%E9%87%8F/03-%E7%A9%BA%E9%96%93%E5%9B%B3%E5%BD%A2%E3%81%AE%E8%A8%88%E9%87%8F#prob-s80-3,not_individually_verified(mechanism confirmed via 11-case sample),『辺の中点をとり、△AMDにcosθ=∠AMDの余弦定理を用いてAHを求める』という手順がFTEXT prob-s80-3の(2)と完全一致（navは1辺6、FTEXTは1辺1）。体積を求める点も共通。
M1-TR-039,底面の外心を利用する三角錐,外心を利用する三角錐の高さ・体積,数学I / 平面図形・空間図形の計量 / 空間図形の計量,prob-s80-3,正四面体の計量,BROAD,https://ftext.org/mathI/06-%E5%B9%B3%E9%9D%A2%E5%9B%B3%E5%BD%A2%E3%83%BB%E7%A9%BA%E9%96%93%E5%9B%B3%E5%BD%A2%E3%81%AE%E8%A8%88%E9%87%8F/03-%E7%A9%BA%E9%96%93%E5%9B%B3%E5%BD%A2%E3%81%AE%E8%A8%88%E9%87%8F,native_anchor,https://ftext.org/mathI/06-%E5%B9%B3%E9%9D%A2%E5%9B%B3%E5%BD%A2%E3%83%BB%E7%A9%BA%E9%96%93%E5%9B%B3%E5%BD%A2%E3%81%AE%E8%A8%88%E9%87%8F/03-%E7%A9%BA%E9%96%93%E5%9B%B3%E5%BD%A2%E3%81%AE%E8%A8%88%E9%87%8F#prob-s80-3,not_individually_verified(mechanism confirmed via 11-case sample),『空間図形→垂線の足を平面図形の特別な点として特定し三平方で高さを出す』というメタ技能はprob-s80-3・prob-s80-4と共通だが、一般三角形の外心を利用する具体設定に一致する問題はなくBROAD。
M1-TR-040,正四面体と内接球,正四面体の体積・内接球の半径・表面積,数学I / 平面図形・空間図形の計量 / 空間図形の計量,prob-s80-3,正四面体の計量,EXACT,https://ftext.org/mathI/06-%E5%B9%B3%E9%9D%A2%E5%9B%B3%E5%BD%A2%E3%83%BB%E7%A9%BA%E9%96%93%E5%9B%B3%E5%BD%A2%E3%81%AE%E8%A8%88%E9%87%8F/03-%E7%A9%BA%E9%96%93%E5%9B%B3%E5%BD%A2%E3%81%AE%E8%A8%88%E9%87%8F,native_anchor,https://ftext.org/mathI/06-%E5%B9%B3%E9%9D%A2%E5%9B%B3%E5%BD%A2%E3%83%BB%E7%A9%BA%E9%96%93%E5%9B%B3%E5%BD%A2%E3%81%AE%E8%A8%88%E9%87%8F/03-%E7%A9%BA%E9%96%93%E5%9B%B3%E5%BD%A2%E3%81%AE%E8%A8%88%E9%87%8F#prob-s80-3,not_individually_verified(mechanism confirmed via 11-case sample),体積を4つの正三角錐に分割してr=3V/Sで内接球半径を求める手順が(3)と完全一致。表面積は4×(正三角形の面積)で続けて求められる。
M1-TR-041,円錐の側面を1周する最短距離,円錐の側面の展開図における最短距離,,,,NONE,,none,,n/a,円錐の展開図（扇形）上での最短距離という技能に対応する問題が見当たらなかった。扇形の弧の長さの節（数学II）はあるが、この設問自体はカバーされていない。
